Resi,Rig.Ind
1,0.000
2,0.000
3,0.000
4,0.000
5,-0.700
6,-0.700
7,-0.700
8,-0.700
9,-0.400
10,-0.300
11,-0.200
12,-0.200
13,-0.600
14,-1.000
15,-0.200
16,-0.200
17,-2.700
18,-2.700
19,-2.700
20,-2.700
21,-2.700
22,-1.100
23,-0.200
24,-0.200
25,-0.300
26,-0.300
27,-0.300
28,-0.300
29,-0.300
30,-0.300
31,-0.300
32,-0.700
33,-0.700
34,-0.700
35,-0.700
36,-0.200
37,-0.200
38,-0.850
39,-1.500
44,-1.900
45,-1.500
46,-0.700
47,-0.600
48,-0.600
49,-0.200
50,-0.200
51,-0.200
52,-0.200
53,-0.200
54,-0.700
55,-0.700
56,-0.700
57,-0.700
58,-0.700
59,-0.700
60,-0.800
61,-0.900
62,-0.700
63,-0.700
64,-0.700
65,-0.800
66,-0.750
67,-0.700
68,-0.700
69,-0.800
70,-0.800
71,-0.750
72,-0.700
73,-0.700
74,-0.700
75,-0.200
76,-0.200
77,-0.200
78,-0.200
79,-0.200
80,-0.400
81,-0.400
82,-0.300
83,-0.200
84,-0.200
85,-0.200
86,-0.200
87,-0.200
88,-0.200
89,-0.200
90,-0.700
91,-0.800
92,-1.300
93,-1.300
94,-1.300
95,-1.700
96,-2.000
97,-2.000
98,-2.000
99,-2.000
100,-2.000
101,-2.000
102,-2.000
103,-2.000
104,-2.000
105,-1.600
106,-1.600
107,-1.600
108,-1.600
109,-1.600
110,-1.600
111,-1.150
112,-0.700
113,-0.700
114,-0.700
115,-0.700
116,-0.700
117,-0.400
118,-0.200
119,-0.200
120,0.000
121,0.000
122,-0.200
123,-0.200
124,-0.200
125,-0.200
126,-0.200
127,-0.200
128,-0.200
129,-0.200
130,0.000
131,0.000
132,0.000
133,0.000
134,0.000
135,-1.200
136,-1.200
137,-1.200
138,-1.200
139,-1.200
140,-1.200
141,-1.200
142,-1.200
143,-1.100
144,-1.100
145,0.000
146,0.000
147,0.000
148,0.000
149,0.000
150,-0.200
151,-0.300
152,-0.300
153,-0.300
154,0.000
155,0.000
156,0.000
157,0.000
158,-0.300
159,-0.300
160,-0.300
161,0.000
162,0.000
163,0.000
164,-0.800
165,-0.400
166,0.000
167,0.000
168,-1.600
169,-1.600
170,-1.600
171,-0.700
172,-0.700
173,-0.700
174,-0.400
175,-0.600
176,-1.350
177,-2.300
178,-2.300
179,-2.300
180,-2.300
181,-1.900
182,-1.900
183,-1.900
184,-1.900
185,-1.900
186,-1.900
187,-1.900
188,-1.600
189,-1.600
190,-1.700
191,-1.700
192,-1.700
193,-1.600
194,-1.600
195,0.000
196,0.000
197,0.000
198,0.000
199,0.000
200,0.000
201,-1.700
202,-0.300
203,-0.300
204,-0.300
205,0.000
206,0.000
207,-2.800
208,-0.550
209,-0.350
210,-0.700
211,-0.700
212,0.000
213,0.000
214,0.000
215,0.000
216,0.000
217,0.000
218,0.000
219,0.000
220,-1.600
221,-1.600
222,-1.600
223,-1.600
224,-1.500
225,-1.500
226,-1.600
227,-1.600
228,-1.600
229,-1.600
230,-1.600
231,-1.600
232,-1.600
233,-1.000
234,-0.700
235,-0.700
236,-0.700
237,0.000
238,0.000
239,0.000
240,0.000
241,0.000
242,0.000
243,0.000
244,0.000
245,0.000
246,-0.350
247,0.000
248,0.000
249,-0.500
250,0.000
251,-1.550
253,-2.400
254,-2.400
255,-0.800
256,-0.800
257,-0.800
258,-1.700
259,-0.300
260,-0.300
261,-0.300
262,0.000
263,0.000
264,0.000
265,-0.900
266,-0.900
267,-0.900
268,-0.900
269,-0.700
270,-0.700
271,-0.600
272,-0.600
273,-0.600
274,-0.600
275,-0.600
276,0.000
277,0.000
278,0.000
279,0.000
280,0.000
281,-0.300
282,-0.400
283,-0.400
284,-0.200
285,0.000
286,0.000
287,0.000
288,0.000
289,0.000
290,0.000
291,-0.400
292,-0.400
293,-0.400
294,-0.400
295,-0.200
296,-0.200
297,-0.200
298,-0.200
299,-0.200
300,-0.500
301,-0.500
302,-0.500
303,-0.500
304,-0.500
305,-0.400
306,-0.200
307,-0.200
308,-0.200
309,-0.200
310,-0.200
311,-1.800
312,-1.800
313,-1.800
314,-2.200
315,-2.200
316,-2.200
317,-2.200
318,-2.200
319,-2.200
320,-2.200
321,-2.200
322,-2.000
323,-2.000
324,-0.600
325,-0.600
326,-0.600
327,-0.600
328,0.000
